id,question
1,"What has influenced your decision to pursue a career in medicine?"
2,"Why are you choosing medicine rather than nursing, pharmacy, dentistry or another healthcare profession?"
3,"In what ways have you explored whether medicine is genuinely the right career for you?"
4,"Which experiences have helped prepare you for studying medicine?"
5,"What lessons did you take from your work experience or clinical exposure?"
6,"If you have taken a gap year, how have you used that time and what has it taught you?"
7,"If you did not receive a medical school offer this year, what would your next step be?"
8,"Where do you hope to be professionally in around ten years?"
9,"Are there any areas of medicine that particularly interest you at the moment? Why?"
10,"What aspects of a medical career concern you or appeal to you least?"
11,"Describe a medical or healthcare issue you have recently read about."
12,"What could make a healthcare setting stressful for patients or staff, and how might that stress develop into anger or aggression?"
13,"What do you feel makes medicine different from many other careers?"
14,"How might you approach a patient who was angry or frustrated?"
15,"How might you respond to a patient who began crying during a consultation?"
16,"How might you respond if a patient strongly disagreed with you?"
17,"What can damage trust between a doctor and a patient, and how might their relationship deteriorate?"
18,"What tends to make you an effective team member?"
19,"Describe a time when you contributed successfully to a team."
20,"What tends to make a team function effectively?"
21,"What do you see as the advantages of working in a team?"
22,"Which difficulties can arise when working as part of a team?"
23,"How might you manage disagreement within a team?"
24,"What would you do next if one team member was contributing much less than everyone else?"
25,"What would you do next if two members of your team strongly disagreed with one another?"
26,"How might you respond if the team rejected your idea?"
27,"How might you manage a team member who dominated every discussion?"
28,"How might you encourage a quieter member of a group to contribute?"
29,"Describe a time when your team did not perform as well as you hoped."
30,"What lessons did you take from working with someone whose personality was very different from yours?"
31,"How would you organise your time when you have several competing priorities?"
32,"How might you describe your organisational skills?"
33,"Which activities or hobbies do you enjoy outside your studies?"
34,"Describe a meaningful non-academic project you have taken part in."
35,"Which lessons have your hobbies or interests taught you that could be useful in medicine?"
36,"What do you consider your main strengths?"
37,"How would you deal with conflict?"
38,"Briefly describe a situation in which you changed your opinion after hearing another perspective."
39,"How would you define informed consent?"
40,"How would you explain what patient capacity means?"
41,"Why do you think confidentiality is central to healthcare?"
42,"In what situations might confidentiality need to be breached?"
43,"What do you see as the four main principles of medical ethics?"
44,"How would you explain what autonomy means in healthcare?"
45,"How would you explain what beneficence means?"
46,"How would you define non-maleficence?"
47,"Describe how two of the four ethical principles could pull a clinical decision in different directions. How would you examine that tension?"
48,"You have considered the available options in an ethical dilemma, but each has a significant drawback. How would you decide what to do and justify your choice?"
49,"An adult with capacity refuses life-saving treatment. How should a doctor respond to that decision?"
50,"In what situations can a doctor act against a patient's wishes?"
51,"How could doctors approach decisions involving patients who lack capacity?"
52,"A patient's relatives want to decide which care the patient receives. What would you need to establish before deciding whether they should make that decision?"
53,"How could doctors balance individual autonomy against public safety?"
54,"To what extent is it ever ethically acceptable for a doctor to withhold information from a patient?"
55,"To what extent is lying to a patient ever justified?"
56,"In what situations might confidentiality need to be overridden?"
57,"A healthcare budget could fund costly care for one person or help a larger number of people. Explain how you would weigh the ethical arguments for each use of the money."
58,"An adult who has capacity declines a blood transfusion on religious grounds. They understand that they could die without it. Talk through how you would respond to their decision."
59,"An unconscious patient urgently needs a transfusion. Their records suggest they may reject blood products on religious grounds. What would you clarify before acting?"
60,"Parents oppose a potentially life-saving blood transfusion for their child because of their beliefs. Explain the team's priorities in addressing this disagreement."
61,"A patient wants surgery despite a very low chance of success because of their current health. How would you discuss the disagreement with them?"
62,"A young teenager comes to the service seeking advice about ending a pregnancy. Talk through the communication, ethical and legal questions that would guide your response."
63,"The spouse of a patient with serious heart disease asks you to convince their partner to take medication. The patient understands that refusing it could shorten their life and still declines. How would you respond to both people?"
64,"A patient shows you an alternative treatment they found online. How would you explore their interest and discuss whether to try it?"
65,"A patient would like an HIV test. Talk through the issues you would address when discussing the test, arranging it and following up the result."
66,"Someone you are caring for has HIV and tells you they will not disclose this to their sexual partner. What would guide your next steps and your discussion with the patient?"
67,"Which ethical issues surround the use of animals in medical research?"
68,"A family hopes that having another child could help provide treatment for a child they already have. Discuss the ethical considerations for the family and for each child."
69,"You discover a colleague using a workplace computer to access material that is illegal or seriously inappropriate. Talk through how you would decide what action to take."
70,"Under which circumstances, if any, might withholding the full truth be ethically defensible?"
71,"Which problems can arise when doctors or researchers have financial conflicts of interest?"
72,"You do not think antibiotics are needed, but the patient asks you to prescribe them. Talk through how you would discuss their request and reach a plan."
73,"A patient is pressing for a scan that you do not believe is clinically indicated. Explain how you would explore their concerns and respond to the request."
74,"A relative presses you for details of a patient's care. The patient has expressly refused permission to share them. How would you respond?"
75,"A student posts about a memorable patient encounter on social media without naming the patient. How would you assess whether the post is appropriate?"
76,"Consider weight-management injections such as semaglutide and tirzepatide. How would you weigh the opportunities they offer against the challenges of using them in healthcare?"
77,"To what extent should medications for obesity be widely available through the NHS?"
78,"If NHS access to expensive weight-management medicines is limited, what should determine which patients are offered them first?"
79,"Discuss how individual choices, medical factors and wider social conditions contribute to obesity. How should these perspectives shape where responsibility is placed?"
80,"Imagine weight-loss medication becoming widely used. What effects might this have on public attitudes towards obesity?"
81,"Compare the ethical considerations involved when prescription weight-loss medicines are obtained privately rather than through public healthcare. Which concerns would you examine?"
82,"A patient asks for a prescription weight-loss medicine chiefly to change their appearance. How would you explore the request and discuss your response?"
83,"Which responsibilities do social-media influencers have when discussing prescription medicines?"
84,"What would determine whether spending on weight-loss medication leads to lower NHS costs over the longer term?"
85,"A medicine attracts intense publicity and demand, while public understanding of its benefits and side effects remains limited. What problems could follow from this mismatch?"
86,"Why do waiting times matter for patients and for healthcare services?"
87,"How could patients on a waiting list be prioritised?"
88,"When deciding the order in which patients on a waiting list are seen, should clinical urgency outweigh every other consideration? Explain your reasoning."
89,"What steps could the NHS take to reduce waiting times without compromising quality?"
90,"An NHS patient cannot be treated within an acceptable timeframe. Discuss whether arranging their treatment in the private sector is an appropriate response."
91,"In what ways could technology meaningfully reduce NHS waiting lists?"
92,"Which role should prevention play in reducing long-term pressure on NHS services?"
93,"How could the NHS balance increasing demand against limited staff and funding?"
94,"Briefly describe the main trend shown in this graph."
95,"Which conclusions can reasonably be drawn from these data?"
96,"Which conclusions cannot be drawn from these data?"
97,"Which additional information would you want before making a decision?"
98,"Can you identify any unusual values or outliers?"
99,"In what ways could the graph be misleading?"
100,"Which factors could explain the observed trend?"
101,"Does this dataset show causation or simply an association?"
102,"How might you explain these results to a patient?"
103,"How might you explain these results to someone without a scientific background?"
104,"Which possible sources of bias can you identify?"
105,"To what extent is the sample size sufficient?"
106,"Which information would help you judge whether the study was reliable?"
107,"How could the media misrepresent these findings?"
108,"Which further research would you conduct?"
109,"Explain how you would rank a list of healthcare priorities and agree on a group decision."
110,"Plan a public-health campaign with a team."
111,"Develop a brief plan to improve student wellbeing."
112,"Plan a short health-education programme for teenagers with your group."
113,"Why do you want to study medicine and become a doctor?"
114,"Which experience most challenged or strengthened your motivation, and what did you learn from it?"
115,"Why does the role of a doctor suit you, and how have you explored its challenges and other healthcare careers?"
116,"Tell me about an experience that helped you understand caring for others. What did you learn?"
117,"Describe teamwork or communication you observed. How could you apply that learning?"
118,"What surprised you about healthcare, and how has it changed your expectations of medicine?"
119,"How should medical schools ensure disabled applicants have a fair opportunity to study medicine?"
120,"How would you approach reasonable adjustments while maintaining essential professional competencies and patient safety?"
121,"An applicant is judged on assumptions about their disability. How should the admissions team respond?"
122,"What do equality, diversity and inclusion mean to you in medicine?"
123,"Can you give an example where equitable care requires treating patients differently?"
124,"How would you respond if you witnessed a discriminatory remark during a placement?"
125,"What opportunities and concerns do medicines such as Ozempic raise for healthcare and society?"
126,"How would you discuss evidence, risks, stigma and fair access without assuming a medicine is suitable for everyone?"
127,"What information would you check before making claims about indications, availability or long-term outcomes?"
128,"A friend asks you about a patient you met on work experience. How would you respond?"
129,"What would you do if you believed someone might be at risk of serious harm?"
130,"Who would you seek support from, and how would you explain your approach to the patient?"
131,"How do long waiting lists affect patients, staff and the wider health service?"
132,"How should a service balance clinical urgency with fairness when prioritising patients?"
133,"What would you consider when evaluating a proposal to reduce waiting times?"
134,"Tell me about a disagreement in a team and how you approached it."
135,"How did you make sure quieter members could contribute?"
136,"What would you do differently next time, and why?"
